{
  "cloudant_apikey": "E-fbToRZUMnZtLV7CIVWkUJ4uGKpz_Fiza6dDu9FV_ES",
  "cloudant_host": "358c9280-24c4-4fcd-897a-50f5f92866c0-bluemix.cloudantnosqldb.appdomain.cloud",
  "cloudant_iam_apikey_description": "Auto-generated for key 3468fd5d-3d7d-45b1-8803-e106ffc56cd6",
  "cloudant_iam_apikey_name": "8e7a0e21-a302-4232-a424-89e0d7e5c641",
  "cloudant_iam_role_crn": "crn:v1:bluemix:public:iam::::serviceRole:Writer",
  "cloudant_iam_serviceid_crn": "crn:v1:bluemix:public:iam-identity::a/ed152c8c442546810585850fdbc63efc::serviceid:ServiceId-7aeb5e18-b92b-4313-b8c6-77791a49cd07",
  "cloudant_password": "cdfcaf4d6c1ffbbc3cf93d4e6d355b37b521262fa6602ce5d06691502039fe79",
  "cloudant_port": 443,
  "cloudant_url": "https://358c9280-24c4-4fcd-897a-50f5f92866c0-bluemix:cdfcaf4d6c1ffbbc3cf93d4e6d355b37b521262fa6602ce5d06691502039fe79@358c9280-24c4-4fcd-897a-50f5f92866c0-bluemix.cloudantnosqldb.appdomain.cloud",
  "cloudant_username": "358c9280-24c4-4fcd-897a-50f5f92866c0-bluemix"
}
